BEGIN TRANSACTION;
CREATE TABLE subscription (
	id INTEGER NOT NULL, 
	storefront_id INTEGER, 
	product_id INTEGER, 
	customer_id INTEGER, 
	enabled INTEGER, 
	added INTEGER, 
	PRIMARY KEY (id)
);
INSERT INTO `subscription` (id,storefront_id,product_id,customer_id,enabled,added) VALUES (100,100,100,100,1,1484886599),
 (101,100,102,100,1,1484896973),
 (103,101,103,102,1,1485017920),
 (104,101,103,103,1,1485026777),
 (105,101,103,100,1,1485029703),
 (106,100,104,100,1,1485033190),
 (107,105,108,100,1,1485217939),
 (108,105,108,109,1,1485421954),
 (109,112,112,112,1,1485683093),
 (110,100,109,113,1,1485726883),
 (111,115,116,115,1,1485820437),
 (112,100,109,100,1,1485825914),
 (113,114,115,102,1,1485832732),
 (114,115,116,117,1,1485861554),
 (115,115,116,118,1,1485863579),
 (116,100,109,118,1,1485863642),
 (117,114,115,118,1,1485863669),
 (118,115,116,122,1,1485890019),
 (119,115,116,123,1,1485892087),
 (120,116,117,123,1,1485892151),
 (121,116,117,126,1,1485904296),
 (122,114,115,128,1,1485906738),
 (123,116,117,130,1,1485918887),
 (124,115,116,130,1,1485918888),
 (125,115,116,131,1,1485919266),
 (126,115,116,132,1,1485921609),
 (127,116,117,132,1,1485921637),
 (128,100,109,136,1,1485953245),
 (129,115,116,145,1,1486062564),
 (130,131,124,147,1,1486068233),
 (131,115,116,147,1,1486068268),
 (132,129,129,147,1,1486068298),
 (133,133,126,116,1,1486090238),
 (134,116,117,220,1,1486101769),
 (135,100,109,220,1,1486101786),
 (136,131,124,220,1,1486101825),
 (137,131,124,225,1,1486133223),
 (138,115,116,225,1,1486133497),
 (139,145,244,100,1,1486170544),
 (140,131,124,318,1,1486200999),
 (141,440,530,100,1,1486239087),
 (142,441,531,100,1,1486241098),
 (143,441,531,330,1,1486248071),
 (144,441,531,332,1,1486248188),
 (145,441,531,333,1,1486248222),
 (147,157,256,100,1,1486312016),
 (148,190,289,100,1,1486312020),
 (149,220,319,100,1,1486313265),
 (150,447,535,100,1,1486332586),
 (151,115,116,125,1,1486409052),
 (152,447,538,100,1,1486411020),
 (153,447,538,102,1,1486411191),
 (154,447,541,102,1,1486416699),
 (155,447,541,100,1,1486418068),
 (156,451,542,100,1,1486435908),
 (157,451,542,147,1,1486436221),
 (158,451,542,116,1,1486437165),
 (159,451,542,371,1,1486437178),
 (160,451,542,126,1,1486437224),
 (161,451,542,329,1,1486437392),
 (162,451,542,376,1,1486438551),
 (163,451,542,338,1,1486440789),
 (164,451,542,110,1,1486445250),
 (165,447,541,113,1,1486514293),
 (166,464,1048588,100,1,1486532101),
 (167,465,1048591,100,1,1486541867),
 (168,464,1048588,113,1,1486568638),
 (169,464,1048592,113,1,1486569236),
 (170,464,1048592,100,1,1486569416),
 (171,467,1048593,100,1,1486580025),
 (172,468,1048593,100,1,1486580654),
 (173,469,546,100,1,1486589629),
 (174,469,546,139,1,1486589909);
CREATE TABLE "storefront" (
  id              integer NOT NULL PRIMARY KEY,
  owner_id        text,
  creation_state  integer,
  type            integer,
  name            text,
  display_name    text,
  description     text,
  logo_url        text,
  video_url       text,
  prebot_url      text,
  giveaway        integer,
  bitcoin_addr    text,
  paypal_addr     text,
  views           integer,
  added           integer
);
INSERT INTO `storefront` (id,owner_id,creation_state,type,name,display_name,description,logo_url,video_url,prebot_url,giveaway,bitcoin_addr,paypal_addr,views,added) VALUES (115,'1435177983183282',4,1,'FREESKN','FREE SKN','yes','http://prebot.me/thumbs/1485820342_000.jpg',NULL,'http://prebot.me/FREESKN',0,NULL,NULL,0,'2017-01-30 23:52:21.998812'),
 (116,'1272071532839221',4,1,'SebysShop','Seby''s Shop','Idk','http://prebot.me/thumbs/1485874370_000.jpg',NULL,'http://prebot.me/SebysShop',0,NULL,NULL,0,'2017-01-31 14:52:50.264079'),
 (117,'1227862000582759',2,1,'Testshop','Test shop','Test shop',NULL,NULL,'http://prebot.me/Testshop',0,NULL,NULL,0,1485904854),
 (125,'1514616778578709',2,1,'ggr','ggr','no','http://prebot.me/thumbs/1485945046_000.jpg',NULL,'http://prebot.me/ggr',0,NULL,NULL,0,1485918838),
 (127,'1019114531527812',0,1,NULL,NULL,NULL,NULL,NULL,NULL,0,NULL,NULL,0,1485980271),
 (128,'1404075782957738',1,1,'Coool','Coool',NULL,NULL,NULL,'http://prebot.me/Coool',0,NULL,NULL,0,1485981273),
 (129,'1206169129431074',4,1,'GoodsinSingapore','Goods in Singapore','Sharing and trying','http://prebot.me/thumbs/1486027028_216.jpg',NULL,'http://prebot.me/GoodsinSingapore',1,NULL,NULL,0,1486027034),
 (130,'1230120743691436',4,1,'Bitmark','Bitmark','We want to sell digital goods.','http://prebot.me/thumbs/1486026817_473.jpg',NULL,'http://prebot.me/Bitmark',0,NULL,NULL,0,1486026826),
 (225,'1232274266851088',0,1,NULL,NULL,NULL,NULL,NULL,NULL,0,NULL,NULL,0,1486129274),
 (226,'1372760776101611',2,1,'Julia','Julia','Sexting',NULL,NULL,'http://prebot.me/Julia',0,NULL,NULL,0,1486139658),
 (260,'1205539346226011',4,1,'G8rfan00','G8rfan00','Random stuff','http://prebot.me/thumbs/1486150024_441.jpg',NULL,'http://prebot.me/G8rfan00',0,NULL,NULL,0,1486150029),
 (433,'1306462669423809',1,1,'Nudes','Nudes',NULL,NULL,NULL,'http://prebot.me/Nudes',0,NULL,NULL,0,1486184414),
 (435,'1458870384145529',4,1,'CSGOBOT','CSGOBOT','CSGOSKINS','http://prebot.me/thumbs/1486200682_855.jpg',NULL,'http://prebot.me/CSGOBOT',0,NULL,NULL,0,1486200693),
 (437,'1140941679348330',1,1,'Toysgoodiebag','Toys goodie bag',NULL,NULL,NULL,'http://prebot.me/Toysgoodiebag',0,NULL,NULL,0,1486219328),
 (440,'1448213991869039',4,1,'toofus2','toofus2','screen shots','http://prebot.me/thumbs/1486238015_804.jpg',NULL,'http://prebot.me/toofus2',0,NULL,NULL,0,1486238029),
 (442,'1329290710469494',4,1,'Pene','Pene','Penes','http://prebot.me/thumbs/1486241237_952.jpg',NULL,'http://prebot.me/Pene',0,NULL,NULL,0,1486241296),
 (443,'1361460193875093',4,1,'ChaseLogan','Chase Logan','Apps','http://prebot.me/thumbs/1486249890_194.jpg',NULL,'http://prebot.me/ChaseLogan',0,NULL,NULL,0,1486249902),
 (445,'1567624179934011',4,1,'Red','Red','Music','http://prebot.me/thumbs/1486320205_386.jpg',NULL,'http://prebot.me/Red',0,NULL,NULL,0,1486320211),
 (448,'1259020854184335',4,1,'checkout','checkout','making','http://prebot.me/thumbs/1486409097_390.jpg',NULL,'http://prebot.me/checkout',0,NULL,NULL,0,1486409105),
 (452,'1102591999866397',4,1,'joao','joao','yes','http://prebot.me/thumbs/1486445962_555.jpg',NULL,'http://prebot.me/joao',0,NULL,NULL,0,1486445970),
 (453,'1403168293059186',4,1,'Thedzshop','The dz shop','Skins csgo','http://prebot.me/thumbs/1486446127_698.jpg',NULL,'http://prebot.me/Thedzshop',0,NULL,NULL,0,1486446138),
 (455,'1352520411434995',4,1,'Csgoskins','Csgo skins','A place where you can buy and sell skins on csgo','http://prebot.me/thumbs/1486453913_422.jpg',NULL,'http://prebot.me/Csgoskins',0,NULL,NULL,0,1486453922),
 (456,'1759288010763829',4,1,'Jantee','Jantee','Selling  my BP xd','http://prebot.me/thumbs/1486456393_730.jpg',NULL,'http://prebot.me/Jantee',0,NULL,NULL,0,1486456402),
 (457,'1227967903952145',4,1,'Csgo','Csgo','Niggs','http://prebot.me/thumbs/1486463934_089.jpg',NULL,'http://prebot.me/Csgo',0,NULL,NULL,0,1486463946),
 (459,'1484857848204880',4,1,'SteamFreeSkins','Steam Free Skins','CSGO SKN','http://prebot.me/thumbs/1486480784_761.jpg',NULL,'http://prebot.me/SteamFreeSkins',0,NULL,NULL,0,1486480791),
 (461,'1356619411025763',4,1,'Hh','Hh','Xxx','http://prebot.me/thumbs/1486490227_511.jpg',NULL,'http://prebot.me/Hh',0,NULL,NULL,0,1486490234),
 (462,'1363058067099243',4,1,'Eloszka','Eloszka','P90','http://prebot.me/thumbs/1486491497_954.jpg',NULL,'http://prebot.me/Eloszka',0,NULL,NULL,0,1486491507),
 (463,'1090479687742059',4,1,'CSGOgiveaways','CSGO giveaways','Selling csgo skins','http://prebot.me/thumbs/1486506904_291.jpg',NULL,'http://prebot.me/CSGOgiveaways',0,NULL,NULL,0,1486506913),
 (466,'1250386775049370',4,1,'ClickShop','ClickShop','CSGO Items and more items in Steam','http://prebot.me/thumbs/1486533343_036.jpg',NULL,'http://prebot.me/ClickShop',0,NULL,NULL,0,1486533351),
 (468,'996171033817503',4,1,'Heyyy','Heyyy','Yooo','http://prebot.me/thumbs/1486580195_065.jpg','','http://prebot.me/Heyyy',0,NULL,NULL,2,1486580198),
 (469,'1328567820538012',4,1,'URLTESTA','URL TESTA','regex subs','http://prebot.me/thumbs/1486585935_379.jpg','','http://prebot.me/URLTESTA',0,NULL,NULL,8,1486586004),
 (1048576,NULL,NULL,NULL,NULL,NULL,NULL,NULL,NULL,NULL,NULL,NULL,NULL,0,NULL),
 (1048577,'1373188009419304',2,1,'PoconoOmise','Poco no Omise','Receiving CSGO Donations]',NULL,NULL,'http://prebot.me/PoconoOmise',0,NULL,NULL,0,1486243070),
 (1048578,'1235636569805045',0,1,NULL,NULL,NULL,NULL,NULL,NULL,0,NULL,NULL,0,1486247568),
 (1048580,'1228552053932888',0,1,NULL,NULL,NULL,NULL,NULL,NULL,0,NULL,NULL,0,1486360179),
 (1048581,'1552220881469725',2,1,'Jayy','Jayy','Iphone',NULL,NULL,'http://prebot.me/Jayy',0,NULL,NULL,0,1486374568),
 (1048582,'1315911335135094',1,1,'Golf','Golf',NULL,NULL,NULL,'http://prebot.me/Golf',0,NULL,NULL,0,1486436354),
 (1048583,'1448479951861349',0,1,NULL,NULL,NULL,NULL,NULL,NULL,0,NULL,NULL,0,1486440825),
 (1048584,'1141918159258394',0,1,NULL,NULL,NULL,NULL,NULL,NULL,0,NULL,NULL,0,1486442458),
 (1048585,'1399640456744327',1,1,'Dey','Dey',NULL,NULL,NULL,'http://prebot.me/Dey',0,NULL,NULL,0,1486444129),
 (1048587,'1102918213169167',2,1,'Pocs','Pocs','Sg atlas',NULL,NULL,'http://prebot.me/Pocs',0,NULL,NULL,0,1486446471),
 (1048588,'1403789712974364',0,1,NULL,NULL,NULL,NULL,NULL,NULL,0,NULL,NULL,0,1486462319),
 (1048589,'1177474169016394',0,1,NULL,NULL,NULL,NULL,NULL,NULL,0,NULL,NULL,0,1486483278),
 (1048590,'1180500185399269',0,1,NULL,NULL,NULL,NULL,NULL,NULL,0,NULL,NULL,0,1486483943),
 (1048591,'1295675360511127',0,1,NULL,NULL,NULL,NULL,NULL,NULL,0,NULL,NULL,0,1486484057),
 (1048592,'1413671362017219',3,1,'AlluAkbar','Allu Akbar','bolbol','http://prebot.me/thumbs/1486487924_525.jpg',NULL,'http://prebot.me/AlluAkbar',0,NULL,NULL,0,1486487896),
 (1048593,'1400027480017707',2,1,'GetAIDS','GetAIDS','Dildos',NULL,NULL,'http://prebot.me/GetAIDS',0,NULL,NULL,0,1486489260),
 (1048594,'1225233767594864',0,1,NULL,NULL,NULL,NULL,NULL,NULL,0,NULL,NULL,0,1486490385),
 (1048595,'1073194906140918',2,1,'Fur1oustrade','Fur1ous trade','Im trading/selling csgo skins',NULL,NULL,'http://prebot.me/Fur1oustrade',0,NULL,NULL,0,1486492888),
 (1048596,'1109947689117673',2,1,'Ofek','Ofek','Ak elit bulid',NULL,NULL,'http://prebot.me/Ofek',0,NULL,NULL,0,1486528649),
 (1048597,'1228588677209704',4,1,'BESTCS','BEST CS','CSGO SKINS','http://prebot.me/thumbs/1486532391_220.jpg',NULL,'http://prebot.me/BESTCS',0,NULL,NULL,0,1486532408),
 (1048598,'1028482470591528',0,1,NULL,NULL,NULL,NULL,NULL,NULL,0,NULL,NULL,0,1486533067),
 (1048599,'1342802542445464',4,1,'Sonny','Sonny','Anything','http://prebot.me/thumbs/1486534490_655.jpg',NULL,'http://prebot.me/Sonny',0,NULL,NULL,0,1486534495),
 (1048600,'1342894659105177',1,1,'Mysweetwaifu','My sweet waifu',NULL,NULL,NULL,'http://prebot.me/Mysweetwaifu',0,NULL,NULL,0,1486543329);
CREATE TABLE "rating" (
  id          integer NOT NULL PRIMARY KEY,
  product_id  integer,
  fb_psid     text,
  stars       integer,
  added       integer
);
INSERT INTO `rating` (id,product_id,fb_psid,stars,added) VALUES (1,541,'1328567820538012',2,1486456548),
 (2,541,'1328567820538012',1,1486456550),
 (3,541,'1328567820538012',5,1486457964);
CREATE TABLE "purchas"
(
	"id" integer PRIMARY KEY NOT NULL,
	"customer_id" integer,
	"storefront_id" integer,
	"product_id" integer,
	"charge_id" text,
	"claim_state" integer,
	"added" integer
);
INSERT INTO `purchas` (id,customer_id,storefront_id,product_id,charge_id,claim_state,added) VALUES (100,100,100,102,'ch_19eE0GJ6x08zNhu9zjaBKB9Z',2,1484963356),
 (101,100,100,102,'ch_19eFJKJ6x08zNhu9dLKMD0ya',0,1484968382),
 (102,100,100,102,'ch_19eFMQJ6x08zNhu9ljZsXmNW',0,1484968574),
 (103,100,100,102,'ch_19eGTaJ6x08zNhu99jpR6QPd',0,1484972862),
 (104,100,101,103,'ch_19eX5IJ6x08zNhu9a0vh9ZGP',0,1485036704),
 (105,100,101,103,'ch_19eX5LJ6x08zNhu9GvZRBfBe',0,1485036708),
 (106,100,101,103,'ch_19eX5OJ6x08zNhu9945IKo2d',0,1485036711),
 (107,100,101,103,'ch_19eXETJ6x08zNhu9Taadzgov',0,1485037274),
 (108,100,105,108,'ch_19fIGbJ6x08zNhu90BaquYiz',0,1485218073),
 (110,100,447,541,'ch_19kKTXJ6x08zNhu94cIVtFCF',0,1486418204),
 (111,100,447,541,'ch_19kKaFJ6x08zNhu9JRSh3fWE',0,1486418620),
 (112,100,447,541,'ch_19kKdFJ6x08zNhu9bEwJkdW4',0,1486418805),
 (113,100,447,541,'ch_19kKdHJ6x08zNhu96RsFIh0H',0,1486418807),
 (114,100,447,541,'ch_19kKdJJ6x08zNhu9gHETSpTR',0,1486418809),
 (115,100,447,541,'ch_19kKfRJ6x08zNhu9MCMQqnEL',0,1486418942),
 (116,100,447,541,'ch_19kKfTJ6x08zNhu9sPT0AVRy',0,1486418944),
 (117,100,447,541,'ch_19kKfVJ6x08zNhu9jKvcY05Q',0,1486418946),
 (118,100,447,541,'ch_19kKuKJ6x08zNhu94bWfs0Gt',0,1486419864),
 (119,100,447,541,'ch_19kKzOJ6x08zNhu9xAt9YOI9',0,1486420179),
 (120,100,447,541,'ch_19kKzQJ6x08zNhu9lZbWR1hc',0,1486420180),
 (121,100,447,541,'ch_19kKzSJ6x08zNhu9qgf2DS1p',0,1486420182),
 (122,100,447,541,'ch_19kL6NJ6x08zNhu9Epvwj0SN',0,1486420611),
 (123,100,447,541,'ch_19kL6PJ6x08zNhu9v5JRpCGd',0,1486420614),
 (124,100,447,541,'ch_19kL6RJ6x08zNhu9r7CvcYbI',0,1486420615),
 (125,100,447,541,'ch_19kM8JJ6x08zNhu9v0K6fD1w',0,1486424575),
 (126,100,447,541,'ch_19kMAOJ6x08zNhu9IFppihL2',0,1486424705),
 (127,100,447,541,'ch_19kMCPJ6x08zNhu9nUq9EfMT',0,1486424829),
 (128,100,447,541,'ch_19kMDEJ6x08zNhu9x1ZeU59p',0,1486424881),
 (129,100,451,542,'ch_19kP5SJ6x08zNhu951CPOuv9',0,1486435931),
 (130,100,447,541,'ch_19kSzpJ6x08zNhu9CXcLuJ8F',0,1486450959),
 (131,100,447,541,'ch_19kSztJ6x08zNhu9RhyQCHDt',0,1486450962),
 (132,100,447,541,'ch_19kSzwJ6x08zNhu9cq5BBgd2',0,1486450965),
 (133,100,447,541,'ch_19kT0VJ6x08zNhu9nALwapuz',0,1486451000),
 (134,100,447,541,'ch_19kUUrJ6x08zNhu9Si9g0cGr',0,1486456726),
 (135,100,447,541,'ch_19kUnFJ6x08zNhu9K57oLxuk',0,1486457865),
 (136,100,447,541,'ch_19kUnLJ6x08zNhu9cpxFWwoK',0,1486457872),
 (137,100,447,541,'ch_19kUnLJ6x08zNhu9TRaigzUI',0,1486457872),
 (138,100,447,541,'ch_19kUnRJ6x08zNhu9v0iZIp0M',0,1486457877),
 (139,100,447,541,'ch_19kUnRJ6x08zNhu9AR2vPlfd',0,1486457877),
 (140,100,447,541,'ch_19kUnRJ6x08zNhu9Dfnca0vw',0,1486457877),
 (141,100,447,541,'ch_19kUnRJ6x08zNhu9isEg3Bjf',0,1486457878),
 (142,100,464,1048592,'ch_19kxpqJ6x08zNhu99dlx0cAl',0,1486569503),
 (143,100,464,1048592,'ch_19kxyRJ6x08zNhu90ckIFktT',0,1486570036),
 (144,100,468,1048593,'ch_19l1pfJ6x08zNhu95w6dtgeA',0,1486584867),
 (145,139,469,546,'ch_19l3vdJ6x08zNhu9cgkrf8Oq',0,1486592925);
CREATE TABLE "product" (
  id                 integer NOT NULL PRIMARY KEY,
  storefront_id      integer,
  creation_state     integer,
  name               varchar(80),
  display_name       varchar(80),
  description        varchar(200),
  image_url          varchar(500),
  video_url          varchar(500),
  broadcast_message  varchar(200),
  attachment_id      varchar(100),
  price              float(50,2),
  prebot_url         varchar(128),
  release_date       integer,
  views              integer,
  avg_rating         float(50),
  added              integer
);
INSERT INTO `product` (id,storefront_id,creation_state,name,display_name,description,image_url,video_url,broadcast_message,attachment_id,price,prebot_url,release_date,views,avg_rating,added) VALUES (116,115,5,'15','15','Pre-release ends Mon, Jan 30','http://prebot.me/thumbs/1485874370_000.jpg',NULL,NULL,NULL,14.0,'http://prebot.me/15',1485734400,0,0.0,1485820410),
 (117,116,5,'Nogyif','Nogyif','Pre-release ends Tue, Jan 31','http://prebot.me/thumbs/1485820342_000.jpg',NULL,NULL,NULL,1.0,'http://prebot.me/Nogyif',1485820800,0,0.0,1485831219),
 (543,453,5,'Ezskinscsgo','Ez skins csgo','Pre-release ends Tue, Feb 7','http://prebot.me/thumbs/1486446173_165.jpg','',NULL,NULL,100.0,'http://prebot.me/Ezskinscsgo',1486425600,0,0.0,1486446230),
 (546,469,5,'IconofSin','Icon of Sin','Pre-release ends Wed, Mar 8','http://prebot.me/thumbs/1486589420_014.jpg','','_{PENDING}_',NULL,666.0,'http://prebot.me/IconofSin',1488931200,8,0.0,1486589448),
 (1048576,NULL,NULL,NULL,NULL,NULL,NULL,NULL,NULL,NULL,NULL,NULL,NULL,0,0.0,NULL),
 (1048577,442,0,NULL,NULL,NULL,NULL,NULL,NULL,NULL,1.99,NULL,NULL,0,0.0,1486437413),
 (1048578,452,0,NULL,NULL,NULL,NULL,NULL,NULL,NULL,1.99,NULL,NULL,0,0.0,1486445976),
 (1048579,453,1,NULL,NULL,NULL,'http://prebot.me/thumbs/1486446180_934.jpg','',NULL,NULL,1.99,NULL,NULL,0,0.0,1486446154),
 (1048580,453,1,NULL,NULL,NULL,'http://prebot.me/thumbs/1486446174_368.jpg','',NULL,NULL,1.99,NULL,NULL,0,0.0,1486446155),
 (1048581,451,0,NULL,NULL,NULL,NULL,NULL,NULL,NULL,1.99,NULL,NULL,0,0.0,1486453935),
 (1048582,456,0,NULL,NULL,NULL,NULL,NULL,NULL,NULL,1.99,NULL,NULL,0,0.0,1486456421),
 (1048583,461,0,NULL,NULL,NULL,NULL,NULL,NULL,NULL,1.99,NULL,NULL,0,0.0,1486490242),
 (1048584,462,0,NULL,NULL,NULL,NULL,NULL,NULL,NULL,1.99,NULL,NULL,0,0.0,1486491545),
 (1048585,451,0,NULL,NULL,NULL,NULL,NULL,NULL,NULL,1.99,NULL,NULL,0,0.0,1486501430),
 (1048589,440,5,'VagrantStory-LeaMond','Vagrant Story - Lea Mond','Pre-release ends Wed, Feb 8','http://prebot.me/thumbs/1486238097_962.jpg','http://prebot.me/videos/1486238097_962.mp4',NULL,NULL,11.79,'http://prebot.me/VagrantStory-LeaMond',NULL,0,0.0,1486535772),
 (1048590,463,5,'Test','Test','Pre-release ends Wed, Feb 8','http://prebot.me/thumbs/1486537251_569.jpg',NULL,NULL,NULL,4.0,'http://prebot.me/Test',1486512000,0,0.0,1486537278),
 (1048593,468,5,'Computer','Computer','Pre-release ends Wed, Feb 8','http://prebot.me/thumbs/1486580209_641.jpg','','Yo dawg',NULL,78.0,'http://prebot.me/Computer',1486512000,2,0.0,1486580225);
CREATE TABLE "payment"
(
    "id" integer PRIMARY KEY NOT NULL,
    "fb_psid" text,
    "full_name" text,
    "acct_number" text,
    "expiration" date,
    "cvc" text,
    "creation_state" integer,
    "added" integer
);
INSERT INTO `payment` (id,fb_psid,full_name,acct_number,expiration,cvc,creation_state,added) VALUES (1,'1160870550696526','OMN3R - Test','1',NULL,NULL,3,1485683259),
 (2,'1435177983183282','adanasa sdas','13',NULL,NULL,3,1485820447),
 (3,'1106046666190010',NULL,NULL,NULL,NULL,0,1485861647),
 (4,'1514616778578709',NULL,NULL,NULL,NULL,0,1485918945),
 (5,'1032825736818614',NULL,NULL,NULL,NULL,1,1485953275),
 (7,'1437371262981839','ERDAL BALPETEK',NULL,NULL,NULL,2,1486143933);
CREATE TABLE "direct_message"
(
	" id" integer NOT NULL,
	"purchase_id" integer DEFAULT 0 NOT NULL,
	"sender_id" integer DEFAULT 0 NOT NULL,
	"message_text" text,
	"message_json" text,
	"added" integer DEFAULT 0 NOT NULL
);
CREATE TABLE "customer" (
  id             integer NOT NULL PRIMARY KEY,
  fb_psid        text,
  fb_name        text,
  email          text,
  bitcoin_addr   text,
  referrer       text,
  stripe_id      text,
  card_id        text,
  storefront_id  integer,
  product_id     integer,
  purchase_id    integer,
  added          integer
, mode tiny DEFAULT 0 NOT NULL);
INSERT INTO `customer` (id,fb_psid,fb_name,email,bitcoin_addr,referrer,stripe_id,card_id,storefront_id,product_id,purchase_id,added,mode) VALUES (100,'1328567820538012',NULL,'matt.holcombe@gmail.com',NULL,'/','cus_9yU3ftyktofUlc','card_19eX56J6x08zNhu9Dv2KZRuG',469,546,144,1484884902,0),
 (102,'996171033817503',NULL,'Jaspn@gmail.com',NULL,'/',NULL,NULL,447,541,NULL,1485017786,0),
 (103,'1333431803366805',NULL,NULL,NULL,'/',NULL,NULL,101,103,NULL,1485026776,0),
 (104,'1336153336451852',NULL,NULL,NULL,NULL,NULL,NULL,NULL,NULL,NULL,1485050242,0),
 (105,'1125363760923060',NULL,NULL,NULL,NULL,NULL,NULL,NULL,NULL,NULL,1485080531,0),
 (106,'1402789669745559',NULL,NULL,NULL,NULL,NULL,NULL,NULL,NULL,NULL,1485276986,0),
 (107,'1324870330913585',NULL,NULL,NULL,NULL,NULL,NULL,NULL,NULL,NULL,1485311820,0),
 (108,'1328088657252279',NULL,NULL,NULL,NULL,NULL,NULL,NULL,NULL,NULL,1485418563,0),
 (109,'867596923342935',NULL,NULL,NULL,'/Jasonsshop/Guy',NULL,NULL,105,108,NULL,1485421954,0),
 (110,'1355480697806563',NULL,NULL,NULL,NULL,NULL,NULL,451,542,NULL,1485670345,0),
 (111,'1141918159258394',NULL,NULL,NULL,NULL,NULL,NULL,NULL,NULL,NULL,1485675133,0),
 (112,'1160870550696526',NULL,'rocker.esport@gmail.com',NULL,NULL,NULL,NULL,112,112,NULL,1485681745,0),
 (113,'1117769054987142',NULL,NULL,NULL,'/MattyPlace/Stickers',NULL,NULL,464,1048592,NULL,1485726882,0),
 (114,'1241701709258106',NULL,NULL,NULL,NULL,NULL,NULL,NULL,NULL,NULL,1485806550,0),
 (115,'1435177983183282',NULL,'ulad1173@hotmail.com',NULL,NULL,NULL,NULL,115,116,NULL,1485820265,0),
 (116,'1302102649874195',NULL,'xyz@xyz.com',NULL,NULL,NULL,NULL,451,542,NULL,1485847666,0),
 (117,'1106046666190010',NULL,NULL,NULL,NULL,NULL,NULL,115,116,NULL,1485861495,0),
 (118,'1242912459122457',NULL,NULL,NULL,NULL,NULL,NULL,114,115,NULL,1485863539,0),
 (119,'1282729225098816',NULL,NULL,NULL,NULL,NULL,NULL,NULL,NULL,NULL,1485873476,0),
 (120,'1272071532839221',NULL,NULL,NULL,NULL,NULL,NULL,NULL,NULL,NULL,1485874139,0),
 (121,'1375440839164535',NULL,NULL,NULL,NULL,NULL,NULL,NULL,NULL,NULL,1485877784,0),
 (122,'1230125057076226',NULL,NULL,NULL,'/FREESKN/15',NULL,NULL,115,116,NULL,1485890019,0),
 (123,'1377830762261026',NULL,NULL,NULL,NULL,NULL,NULL,116,117,NULL,1485891857,0),
 (124,'1315911335135094',NULL,NULL,NULL,NULL,NULL,NULL,NULL,NULL,NULL,1485892235,0),
 (125,'1259020854184335',NULL,NULL,NULL,NULL,NULL,NULL,115,116,NULL,1485897290,0),
 (126,'1366783550059268',NULL,NULL,NULL,NULL,NULL,NULL,451,542,NULL,1485904273,0),
 (127,'1227862000582759',NULL,NULL,NULL,NULL,NULL,NULL,NULL,NULL,NULL,1485904795,0),
 (128,'1347463995275886',NULL,NULL,NULL,NULL,NULL,NULL,114,115,NULL,1485906702,0),
 (129,'968691169898809',NULL,NULL,NULL,NULL,NULL,NULL,NULL,NULL,NULL,1485908376,0),
 (130,'1514616778578709',NULL,NULL,NULL,NULL,NULL,NULL,115,116,NULL,1485918784,0),
 (131,'1434704619902741',NULL,NULL,NULL,NULL,NULL,NULL,115,116,NULL,1485919246,0),
 (132,'1215878098466584',NULL,NULL,NULL,NULL,NULL,NULL,116,117,NULL,1485921579,0),
 (133,'1404048932980952',NULL,NULL,NULL,NULL,NULL,NULL,NULL,NULL,NULL,1485924287,0),
 (134,'1332031290187863',NULL,NULL,NULL,NULL,NULL,NULL,NULL,NULL,NULL,1485944605,0),
 (135,'1200979229939321',NULL,NULL,NULL,NULL,NULL,NULL,NULL,NULL,NULL,1485945044,0),
 (136,'1032825736818614',NULL,'isap5@msn.com',NULL,NULL,NULL,NULL,100,109,NULL,1485953218,0),
 (137,'1025500687556152',NULL,NULL,NULL,NULL,NULL,NULL,NULL,NULL,NULL,1485960685,0),
 (138,'1397055023658940',NULL,NULL,NULL,NULL,NULL,NULL,NULL,NULL,NULL,1485977622,0),
 (139,'1448213991869039',NULL,'matt.holcombe@gmail.com',NULL,NULL,'cus_A5EOyFKRHxDI2c','card_19l3vVJ6x08zNhu9YYsDwOmo',469,546,145,1485977699,0),
 (140,'1019114531527812',NULL,NULL,NULL,NULL,NULL,NULL,NULL,NULL,NULL,1485980215,0),
 (141,'1404075782957738',NULL,NULL,NULL,NULL,NULL,NULL,NULL,NULL,NULL,1485981265,0),
 (142,'1230120743691436',NULL,NULL,NULL,NULL,NULL,NULL,NULL,NULL,NULL,1486026436,0),
 (143,'1206169129431074',NULL,NULL,NULL,NULL,NULL,NULL,NULL,NULL,NULL,1486026460,0),
 (144,'1371951016208676',NULL,NULL,NULL,NULL,NULL,NULL,NULL,NULL,NULL,1486060614,0),
 (145,'1395832777117070',NULL,NULL,NULL,'/FREESKN/15',NULL,NULL,115,116,NULL,1486062564,0),
 (146,'1279323168801129',NULL,NULL,NULL,NULL,NULL,NULL,NULL,NULL,NULL,1486064974,0),
 (147,'1221127624608030',NULL,'Shanedarcy068@gmail.com',NULL,NULL,NULL,NULL,451,542,NULL,1486065977,0),
 (220,'1067855286676187',NULL,NULL,NULL,'/SebysShop/Nogyif',NULL,NULL,131,124,NULL,1486101769,0),
 (221,'1218405488206913',NULL,NULL,NULL,NULL,NULL,NULL,NULL,NULL,NULL,1486106453,0),
 (222,'1210235739060580',NULL,NULL,NULL,NULL,NULL,NULL,NULL,NULL,NULL,1486106569,0),
 (223,'1087313818061317',NULL,NULL,NULL,NULL,NULL,NULL,NULL,NULL,NULL,1486126096,0),
 (224,'1232274266851088',NULL,NULL,NULL,NULL,NULL,NULL,NULL,NULL,NULL,1486128673,0),
 (225,'1437371262981839',NULL,'ahmetbostanci07@gmail.com',NULL,NULL,NULL,NULL,115,116,NULL,1486133212,0),
 (226,'1666719423341832',NULL,NULL,NULL,NULL,NULL,NULL,NULL,NULL,NULL,1486135566,0),
 (227,'1373197482751398',NULL,NULL,NULL,NULL,NULL,NULL,NULL,NULL,NULL,1486138890,0),
 (228,'1364708976882874',NULL,NULL,NULL,NULL,NULL,NULL,NULL,NULL,NULL,1486139623,0),
 (229,'1372760776101611',NULL,NULL,NULL,NULL,NULL,NULL,NULL,NULL,NULL,1486139649,0),
 (231,'1158252860954072',NULL,NULL,NULL,NULL,NULL,NULL,NULL,NULL,NULL,1486145877,0),
 (242,'1205539346226011',NULL,NULL,NULL,NULL,NULL,NULL,NULL,NULL,NULL,1486149975,0),
 (250,'1117234178405368',NULL,NULL,NULL,NULL,NULL,NULL,NULL,NULL,NULL,1486150472,0),
 (255,'1283586765065875',NULL,NULL,NULL,NULL,NULL,NULL,NULL,NULL,NULL,1486150806,0),
 (262,'1250096041739328',NULL,NULL,NULL,NULL,NULL,NULL,NULL,NULL,NULL,1486152019,0),
 (304,'1215692638485361',NULL,NULL,NULL,NULL,NULL,NULL,NULL,NULL,NULL,1486155177,0),
 (306,'1240077552752943',NULL,NULL,NULL,NULL,NULL,NULL,NULL,NULL,NULL,1486155301,0),
 (307,'985001381600874',NULL,NULL,NULL,NULL,NULL,NULL,NULL,NULL,NULL,1486159605,0),
 (308,'874559955980360',NULL,NULL,NULL,NULL,NULL,NULL,NULL,NULL,NULL,1486159814,0),
 (309,'1184049128375258',NULL,NULL,NULL,NULL,NULL,NULL,NULL,NULL,NULL,1486162312,0),
 (310,'1666196563424510',NULL,NULL,NULL,NULL,NULL,NULL,NULL,NULL,NULL,1486163668,0),
 (311,'1323810771011394',NULL,NULL,NULL,NULL,NULL,NULL,NULL,NULL,NULL,1486163978,0),
 (312,'1108100992651697',NULL,NULL,NULL,NULL,NULL,NULL,NULL,NULL,NULL,1486165756,0),
 (313,'1306462669423809',NULL,NULL,NULL,NULL,NULL,NULL,NULL,NULL,NULL,1486184386,0),
 (314,'1556325574381000',NULL,NULL,NULL,NULL,NULL,NULL,NULL,NULL,NULL,1486185078,0),
 (315,'1393651910654548',NULL,NULL,NULL,NULL,NULL,NULL,NULL,NULL,NULL,1486185893,0),
 (316,'1237565056309328',NULL,NULL,NULL,NULL,NULL,NULL,NULL,NULL,NULL,1486190567,0),
 (317,'1350599581673344',NULL,NULL,NULL,NULL,NULL,NULL,NULL,NULL,NULL,1486193891,0),
 (318,'1458870384145529',NULL,NULL,NULL,NULL,NULL,NULL,131,124,NULL,1486200505,0),
 (319,'863498257087197',NULL,NULL,NULL,NULL,NULL,NULL,NULL,NULL,NULL,1486202623,0),
 (320,'1140941679348330',NULL,NULL,NULL,NULL,NULL,NULL,NULL,NULL,NULL,1486218500,0),
 (321,'1101150753345074',NULL,NULL,NULL,NULL,NULL,NULL,NULL,NULL,NULL,1486224076,0),
 (322,'1595296170487339',NULL,NULL,NULL,NULL,NULL,NULL,NULL,NULL,NULL,1486232243,0),
 (324,'621103621347853',NULL,NULL,NULL,NULL,NULL,NULL,NULL,NULL,NULL,1486238125,0),
 (325,'1464407180244719',NULL,NULL,NULL,NULL,NULL,NULL,NULL,NULL,NULL,1486239807,0),
 (326,'1448031961897715',NULL,NULL,NULL,NULL,NULL,NULL,NULL,NULL,NULL,1486240866,0),
 (327,'1774088419284002',NULL,NULL,NULL,NULL,NULL,NULL,NULL,NULL,NULL,1486240908,0),
 (328,'1345420545501713',NULL,NULL,NULL,NULL,NULL,NULL,NULL,NULL,NULL,1486241073,0),
 (329,'1329290710469494',NULL,NULL,NULL,NULL,NULL,NULL,451,542,NULL,1486241197,0),
 (330,'623499974441463',NULL,NULL,NULL,NULL,NULL,NULL,441,531,NULL,1486242832,0),
 (331,'1373188009419304',NULL,NULL,NULL,NULL,NULL,NULL,NULL,NULL,NULL,1486243033,0),
 (332,'1234824449886043',NULL,NULL,NULL,NULL,NULL,NULL,441,531,NULL,1486243838,0),
 (333,'1204192089666517',NULL,NULL,NULL,NULL,NULL,NULL,441,531,NULL,1486244424,0),
 (334,'1252509414863065',NULL,NULL,NULL,NULL,NULL,NULL,NULL,NULL,NULL,1486245855,0),
 (335,'1361460193875093',NULL,NULL,NULL,NULL,NULL,NULL,NULL,NULL,NULL,1486247368,0),
 (336,'1235636569805045',NULL,NULL,NULL,NULL,NULL,NULL,NULL,NULL,NULL,1486247554,0),
 (337,'1103494779773070',NULL,NULL,NULL,NULL,NULL,NULL,NULL,NULL,NULL,1486247850,0),
 (338,'1448479951861349',NULL,NULL,NULL,NULL,NULL,NULL,451,542,NULL,1486247900,0),
 (339,'641205869337510',NULL,NULL,NULL,NULL,NULL,NULL,NULL,NULL,NULL,1486248554,0),
 (340,'1308192225906457',NULL,NULL,NULL,NULL,NULL,NULL,NULL,NULL,NULL,1486248973,0),
 (341,'1778824965467812',NULL,NULL,NULL,NULL,NULL,NULL,NULL,NULL,NULL,1486248983,0),
 (342,'1463152603708685',NULL,NULL,NULL,NULL,NULL,NULL,NULL,NULL,NULL,1486252843,0),
 (343,'1603690656322750',NULL,NULL,NULL,NULL,NULL,NULL,NULL,NULL,NULL,1486256591,0),
 (352,'1769895209703255',NULL,NULL,NULL,NULL,NULL,NULL,NULL,NULL,NULL,1486315449,0),
 (353,'1605891949426809',NULL,NULL,NULL,NULL,NULL,NULL,NULL,NULL,NULL,1486315614,0),
 (354,'1567624179934011',NULL,NULL,NULL,NULL,NULL,NULL,NULL,NULL,NULL,1486320042,0),
 (355,'1034216183350357',NULL,NULL,NULL,NULL,NULL,NULL,NULL,NULL,NULL,1486324541,0),
 (356,'1263660400369120',NULL,NULL,NULL,NULL,NULL,NULL,NULL,NULL,NULL,1486329949,0),
 (357,'1264646843603128',NULL,NULL,NULL,NULL,NULL,NULL,NULL,NULL,NULL,1486336009,0),
 (358,'1112888775506519',NULL,NULL,NULL,NULL,NULL,NULL,NULL,NULL,NULL,1486356218,0),
 (359,'1219330484818821',NULL,NULL,NULL,NULL,NULL,NULL,NULL,NULL,NULL,1486357904,0),
 (360,'1228552053932888',NULL,NULL,NULL,NULL,NULL,NULL,NULL,NULL,NULL,1486360170,0),
 (361,'1412872275451998',NULL,NULL,NULL,NULL,NULL,NULL,NULL,NULL,NULL,1486373382,0),
 (362,'1552220881469725',NULL,NULL,NULL,NULL,NULL,NULL,NULL,NULL,NULL,1486374562,0),
 (363,'1094413360687424',NULL,NULL,NULL,NULL,NULL,NULL,NULL,NULL,NULL,1486376133,0),
 (364,'1374879115892293',NULL,NULL,NULL,NULL,NULL,NULL,NULL,NULL,NULL,1486400597,0),
 (365,'1411204678920589',NULL,NULL,NULL,NULL,NULL,NULL,NULL,NULL,NULL,1486405871,0),
 (366,'1309614195769842',NULL,NULL,NULL,NULL,NULL,NULL,NULL,NULL,NULL,1486421540,0),
 (367,'1214180691970586',NULL,NULL,NULL,NULL,NULL,NULL,NULL,NULL,NULL,1486422476,0),
 (368,'1259069860838786',NULL,NULL,NULL,NULL,NULL,NULL,NULL,NULL,NULL,1486423889,0),
 (369,'1295738413806365',NULL,NULL,NULL,NULL,NULL,NULL,NULL,NULL,NULL,1486425053,0),
 (370,'1526143300746769',NULL,NULL,NULL,NULL,NULL,NULL,NULL,NULL,NULL,1486436353,0),
 (371,'1302042483177116',NULL,NULL,NULL,NULL,NULL,NULL,451,542,NULL,1486437112,0),
 (372,'1087902614671898',NULL,NULL,NULL,NULL,NULL,NULL,NULL,NULL,NULL,1486437335,0),
 (373,'1089077244552221',NULL,NULL,NULL,NULL,NULL,NULL,NULL,NULL,NULL,1486437372,0),
 (374,'1096867107102591',NULL,NULL,NULL,NULL,NULL,NULL,NULL,NULL,NULL,1486437473,0),
 (375,'1284534448280531',NULL,NULL,NULL,NULL,NULL,NULL,NULL,NULL,NULL,1486438380,0),
 (376,'1220335261414387',NULL,NULL,NULL,NULL,NULL,NULL,451,542,NULL,1486438525,0),
 (377,'1604569416226457',NULL,NULL,NULL,NULL,NULL,NULL,NULL,NULL,NULL,1486440360,0),
 (378,'1253292628090703',NULL,NULL,NULL,NULL,NULL,NULL,NULL,NULL,NULL,1486440726,0),
 (379,'1399640456744327',NULL,NULL,NULL,NULL,NULL,NULL,NULL,NULL,NULL,1486444115,0),
 (380,'1346417152085209',NULL,NULL,NULL,NULL,NULL,NULL,NULL,NULL,NULL,1486444188,0),
 (381,'1291305970974120',NULL,NULL,NULL,NULL,NULL,NULL,NULL,NULL,NULL,1486444534,0),
 (382,'1403168293059186',NULL,NULL,NULL,NULL,NULL,NULL,NULL,NULL,NULL,1486445824,0),
 (383,'1403760779642599',NULL,NULL,NULL,NULL,NULL,NULL,NULL,NULL,NULL,1486445853,0),
 (384,'1102591999866397',NULL,NULL,NULL,NULL,NULL,NULL,NULL,NULL,NULL,1486445920,0),
 (385,'1102918213169167',NULL,NULL,NULL,NULL,NULL,NULL,NULL,NULL,NULL,1486446454,0),
 (386,'1240844342660800',NULL,NULL,NULL,NULL,NULL,NULL,NULL,NULL,NULL,1486446939,0),
 (387,'1415397481845389',NULL,NULL,NULL,NULL,NULL,NULL,NULL,NULL,NULL,1486451756,0),
 (388,'1352520411434995',NULL,NULL,NULL,NULL,NULL,NULL,NULL,NULL,NULL,1486453803,0),
 (389,'1759288010763829',NULL,NULL,NULL,NULL,NULL,NULL,NULL,NULL,NULL,1486456308,0),
 (390,'1473673116006958',NULL,NULL,NULL,'/YellowJock',NULL,NULL,NULL,NULL,NULL,1486456812,0),
 (391,'1240254509363200',NULL,NULL,NULL,NULL,NULL,NULL,NULL,NULL,NULL,1486457032,0),
 (392,'1403789712974364',NULL,NULL,NULL,NULL,NULL,NULL,NULL,NULL,NULL,1486462303,0),
 (393,'1336342283092324',NULL,NULL,NULL,NULL,NULL,NULL,NULL,NULL,NULL,1486463749,0),
 (394,'1227967903952145',NULL,NULL,NULL,NULL,NULL,NULL,NULL,NULL,NULL,1486463898,0),
 (395,'1195239057228936',NULL,NULL,NULL,'/YellowJock',NULL,NULL,NULL,NULL,NULL,1486464284,0),
 (396,'1549243805115601',NULL,NULL,NULL,NULL,NULL,NULL,NULL,NULL,NULL,1486465044,0),
 (397,'1244008548988370',NULL,NULL,NULL,NULL,NULL,NULL,NULL,NULL,NULL,1486469117,0),
 (398,'1190039591117478',NULL,NULL,NULL,NULL,NULL,NULL,NULL,NULL,NULL,1486474621,0),
 (399,'1306127696128843',NULL,NULL,NULL,NULL,NULL,NULL,NULL,NULL,NULL,1486476962,0),
 (400,'1484857848204880',NULL,NULL,NULL,NULL,NULL,NULL,NULL,NULL,NULL,1486480738,0),
 (401,'1177474169016394',NULL,NULL,NULL,NULL,NULL,NULL,NULL,NULL,NULL,1486483270,0),
 (402,'686154994842714',NULL,NULL,NULL,NULL,NULL,NULL,NULL,NULL,NULL,1486483831,0),
 (403,'1180500185399269',NULL,NULL,NULL,NULL,NULL,NULL,NULL,NULL,NULL,1486483925,0),
 (404,'1295675360511127',NULL,NULL,NULL,NULL,NULL,NULL,NULL,NULL,NULL,1486484046,0),
 (405,'469459689845029',NULL,NULL,NULL,NULL,NULL,NULL,NULL,NULL,NULL,1486487120,0),
 (406,'1413671362017219',NULL,NULL,NULL,NULL,NULL,NULL,NULL,NULL,NULL,1486487887,0),
 (407,'1683795954973231',NULL,NULL,NULL,NULL,NULL,NULL,NULL,NULL,NULL,1486488237,0),
 (408,'1400027480017707',NULL,NULL,NULL,NULL,NULL,NULL,NULL,NULL,NULL,1486489253,0),
 (409,'1356619411025763',NULL,NULL,NULL,NULL,NULL,NULL,NULL,NULL,NULL,1486490196,0),
 (410,'1225233767594864',NULL,NULL,NULL,NULL,NULL,NULL,NULL,NULL,NULL,1486490373,0),
 (411,'1363058067099243',NULL,NULL,NULL,NULL,NULL,NULL,NULL,NULL,NULL,1486490425,0),
 (412,'1253104868110569',NULL,NULL,NULL,NULL,NULL,NULL,NULL,NULL,NULL,1486492672,0),
 (413,'1073194906140918',NULL,NULL,NULL,NULL,NULL,NULL,NULL,NULL,NULL,1486492875,0),
 (414,'1364325213590583',NULL,NULL,NULL,NULL,NULL,NULL,NULL,NULL,NULL,1486494762,0),
 (415,'885550121547805',NULL,NULL,NULL,NULL,NULL,NULL,NULL,NULL,NULL,1486496258,0),
 (416,'1459381404095519',NULL,NULL,NULL,NULL,NULL,NULL,NULL,NULL,NULL,1486501116,0),
 (417,'1090479687742059',NULL,NULL,NULL,'/',NULL,NULL,NULL,NULL,NULL,1486506848,0),
 (418,'1498138196924357',NULL,NULL,NULL,'/',NULL,NULL,NULL,NULL,NULL,1486507584,0),
 (419,'1383945495010518',NULL,NULL,NULL,'/',NULL,NULL,NULL,NULL,NULL,1486519074,0),
 (420,'1250386775049370',NULL,NULL,NULL,'/',NULL,NULL,NULL,NULL,NULL,1486523334,0),
 (421,'1109947689117673',NULL,NULL,NULL,'/',NULL,NULL,NULL,NULL,NULL,1486528632,0),
 (424,'177712676037903',NULL,NULL,NULL,'/',NULL,NULL,NULL,NULL,NULL,1486530961,0),
 (425,'1250936608306769',NULL,NULL,NULL,'/',NULL,NULL,NULL,NULL,NULL,1486579690,0);
COMMIT;
